productid,keyword
10050,"SEi&times;IROZA-RT Re:military /  Camo,SEi,カーキ,IROZA,イロザ"
10172,"conic on stripe / navy,caart.,紺,IROZA,イロザ"
10180,"frame-long / white,caart.,白,IROZA,イロザ"
10187,"DREAM / RED / MK15S-J-12,masterkey,赤,IROZA,イロザ"
10188,"BORDERS / RED / MK15S-C-27,masterkey,柄,IROZA,イロザ"
10261,"製品染 ポロ衿 半袖シャツ W11524405 / ネイビー,IKIJI,紺,IROZA,イロザ"
10263,"製品染 ポロ衿 半袖シャツ W11524405 / グリーン,IKIJI,緑,IROZA,イロザ"
10310,"Cropped Denim Jacket / Light Blue / 103.007,SAWHNEY,青,IROZA,イロザ"
10421,"UNION TEE / WHxNY,Full Push,白,IROZA,イロザ"
10422,"GARAGE COAT / BLUE,INDUSTRIAL DESIGN,青,IROZA,イロザ"
10427,"LINCOLN MARATHON 20th  anniversary  windbreaker,Pickup（STANDARD）,柄,IROZA,イロザ"
10472,"POCKET  ZIP SWEAT / IROZA LIMITED ,Pickup（STANDARD）,赤,IROZA,イロザ"
10473,"POLO RALPH LAUREN ZIP SWEAT / IROZA LIMITED,Pickup（STANDARD）,赤,IROZA,イロザ"
10479,"mountain parka / YELLOW / IROZA LIMITED / いろポチ,IROZA ORIGINALS,黄色,IROZA,イロザ"
10482,"Half and Half-T / PUPLE&times;BLUE / HORN IN THE WEST / IROZA LIMITED ,IROZA ORI"
10489,"ARTESANIAS CUAMATZ! MEXICAN parka / GREEN  ,Pickup（STANDARD）,柄,IROZA,イロザ"
10495,"Half and Half check shirts / RED&times;GREEN / RED BUTTON  /IROZA LIMITED,IROZA"
10626,"NEL CARDIGAN / IROZA LIMITED,IROZA ORIGINALS,柄,IROZA,イロザ"
10708,"KISS TEE / BLACK,OMIYAGE,黒,IROZA,イロザ"
11118,"Leaf S/S Shirts,Pickup（STANDARD）,カーキ,IROZA,イロザ"
11159,"Valentino Roma / Flower Jacket Beige,Pickup（STANDARD）,ベージュ,IROZA,イロザ"
11173,"UNION TEE / BKxWH,Full Push,黒,IROZA,イロザ"
11177,"GA / L/S TEE PINK,Pickup（STANDARD）,ピンク,IROZA,イロザ"
11179,"AGNONA / Cardigan / Orange,Pickup（STANDARD）,オレンジ,IROZA,イロザ"
11186,"ANTONIOFUSCO / Pink Jacket,Pickup（STANDARD）,ピンク,IROZA,イロザ"
11208,"FLEECE Multi Parka ,Pickup（STANDARD）,柄,IROZA,イロザ"
11232,"adidas / Hokey Tee / Red,adidas,赤,IROZA,イロザ"
11238,"UA / Blue Black Checker L/S Shirts,BEAUTY &amp; YOUTH UNITED ARROWS,青,IROZA,イロザ"
11242,"Black Half Pants,Pickup（STANDARD）,黒,IROZA,イロザ"
11255,"511 SKINNY DENIM PANTS / RED,LEVIS,赤,IROZA,イロザ"
11274,"NUTMEG MILLS  GUNNINGHAM 12 GAME SHIRT,Pickup（STANDARD）,緑,IROZA,イロザ"
11320,"Tye Dye Tee Psychedelic,Pickup（STANDARD）,柄,IROZA,イロザ"
11331,"Mexican Shirt / BROWN,Pickup（STANDARD）,茶色,IROZA,イロザ"
11335,"Rayon Print Shirt / ORANGE,Pickup（STANDARD）,オレンジ,IROZA,イロザ"
11336,"Multi Border Shirt / WHITE,Pickup（STANDARD）,柄,IROZA,イロザ"
11399,"フランス F2ジャケット / ブラック,Deadstock,黒,IROZA,イロザ"
11445,"Black Pocket S/S Tee,Pickup（STANDARD）,黒,IROZA,イロザ"
11460,"HM / V neck Strype Shirts,Pickup（STANDARD）,柄,IROZA,イロザ"
11541,"TURTLE NECK L/S TEE / REDxNAVYxYELLOW,Pickup（STANDARD）,柄,IROZA,イロザ"
11574,"FLANNEL CHECK SHIRT / RED,Pickup（STANDARD）,赤,IROZA,イロザ"
11575,"MILITARY SHIRT / WOODLAND ,Pickup（STANDARD）,緑,IROZA,イロザ"
11578,"BORDER CREW NECK SWEAT SHIRT / PURPLExNAVY,Pickup（STANDARD）,紫,IROZA,イロザ"
11584,"RAGLAN SLEEVE C/N SWEAT SHIRT /  HEATHER RED,Pickup（STANDARD）,赤,IROZA,イロザ"
11587,"NIKE LOGO CREW NECK SWEAT SHIRT / NAVY,Pickup（STANDARD）,紺,IROZA,イロザ"
11593,"Hanes FULL ZIP HOODIE / GRAY,Pickup（STANDARD）,グレー,IROZA,イロザ"
11596,"CUT&amp;SWEN FULL ZIP HOODIE / BROWN,Pickup（STANDARD）,茶色,IROZA,イロザ"
11603,"TIE DYE HOODED PARKA / BLUE,Pickup（STANDARD）,青,IROZA,イロザ"
11636,"PICASSO BLOUSON / PINK,Pickup（STANDARD）,柄,IROZA,イロザ"
11644,"MULTI COLAR HOODED BLOUSON / MULTI ,Pickup（STANDARD）,柄,IROZA,イロザ"
11646,"SAWLL COLLAR CHECK COAT / GREEN,Pickup（STANDARD）,緑,IROZA,イロザ"
11649,"TEXTILE OVER TEE / BLACK,Pickup（STANDARD）,黒,IROZA,イロザ"
11735,"MARX Crew Neck Sweat Shirt / YELLOW,IROZA x deadman,黄色,IROZA,イロザ"
11740,"Sex Pistols Crew Neck Sweat Shirt / GREEN,IROZA x deadman,緑,IROZA,イロザ"
11743,"MARX Sweat Hoodie / RED,IROZA x deadman,赤,IROZA,イロザ"
11744,"MARX Sweat Hoodie / DARK RED,IROZA x deadman,赤,IROZA,イロザ"
11745,"MARX Sweat Hoodie / NAVY,IROZA x deadman,紺,IROZA,イロザ"
11746,"MARX Pocket T-shirt / BLACK,IROZA x deadman,黒,IROZA,イロザ"
11750,"MARX T-shirt / BLACK,IROZA x deadman,黒,IROZA,イロザ"
11752,"MARX T-shirt / WINE,IROZA x deadman,赤,IROZA,イロザ"
11753,"MARX T-shirt / KAHAKI,IROZA x deadman,緑,IROZA,イロザ"
11754,"Sex Pistols T-shirt / BLACK,IROZA x deadman,黒,IROZA,イロザ"
11755,"Sex Pistols T-shirt / GRAY,IROZA x deadman,グレー,IROZA,イロザ"
11760,"Sex Pistols T-shirt / HEATHER GRAY,IROZA x deadman,グレー,IROZA,イロザ"
11817,"LONG LONG HOODY/VOO-539 / NAVY,VOO,紺,IROZA,イロザ"
11820,"LONG LONG HOODY/VOO-539 / RED,VOO,赤,IROZA,イロザ"
11832,"2TONE KNIT/VOO-521 / BLUE,VOO,青,IROZA,イロザ"
11836,"TRICKY KNIT/VOO-538 / GREEN,VOO,緑,IROZA,イロザ"
11844,"2WAY DUFFLE COAT/VOO-540 / バーガンディ,VOO,赤,IROZA,イロザ"
12146,"フランス レインコート / NAVY,Military,紺,IROZA,イロザ"
12147,"イタリア フランネルシャツ / L.BROWN,Military,茶色,IROZA,イロザ"
12149,"イタリア ワークシャツ / NAVY,Military,紺,IROZA,イロザ"
12205,"NOTRE DAME リバースウィーブ クルー ネック スウェット / NAVY,CHAMPION,紺,IROZA,イロザ"
12207,"レザー ジャケット / BLACK,Pickup（SPECIAL）,黒,IROZA,イロザ"
12222,"ファイヤーマン ジャケット / BLUE,Pickup（SPECIAL）,青,IROZA,イロザ"
12227,"Christian Dior ショールカラー ジャケット / NAVY,Christian Dior,紺,IROZA,イロザ"
12228,"TIE DYE クルーネック スウェット / WHITE,Pickup（STANDARD）,白,IROZA,イロザ"
12241,"Vネック ニット ワンピース / GRAY,Pickup（STANDARD）,グレー,IROZA,イロザ"
12257,"シルク ナイロン テキスタイル ジップ ブルゾン / WHITE,Pickup（STANDARD）,柄,IROZA,イロザ"
12262,"マルチ ニット カーディガン / BLUE,L.L.Bean,青,IROZA,イロザ"
12265,"メキシカン BAJA フーディー / GRAYxBLUE,Pickup（SPECIAL）,グレー,IROZA,イロザ"
12267,"メキシカン BAJA ジップ フーディー / BLACKxWHTxYEL,Pickup（SPECIAL）,黒,IROZA,イロザ"
12281,"HIKER MOUNTAIN RIVER / GREENxRED,Pickup（STANDARD）,柄,IROZA,イロザ"
12294,"L/S Shirts / Red Houndstooth,Pickup（STANDARD）,赤,IROZA,イロザ"
12305,"Tye Dye Thermal / Pink,Pickup（STANDARD）,ピンク,IROZA,イロザ"
12312,"560 Denim / Green,LEVIS,緑,IROZA,イロザ"
12314,"Vネック ニットセーター / SAX,Christian Dior,青,IROZA,イロザ"
12315,"Vネック ニットセーター / RED,Christian Dior,赤,IROZA,イロザ"
12316,"ニット カーディガン / GRA,Christian Dior,グレー,IROZA,イロザ"
12322,"リブ タートル ネック ニット / NATURAL,Pickup（SPECIAL）,白,IROZA,イロザ"
12324,"アーガイル フリンジ ニット セーター / BLACK,Pickup（SPECIAL）,黒,IROZA,イロザ"
12341,"ジップアップ ジャージ / RED,adidas,赤,IROZA,イロザ"
12344,"ハーフジップ ナイロン フーデット パーカー / RED,NIKE,赤,IROZA,イロザ"
12345,"ナイロン Vネック ジェケット / RED,NIKE,赤,IROZA,イロザ"
12352,"バイカラー クルー ネック スウェット / BRNxYELxPPL,Pickup（SPECIAL）,柄,IROZA,イロザ"
12450,"ガチャベルト 37mm / PURPLE,Pickup（SPECIAL）,紫,IROZA,イロザ"
12455,"ガチャベルト USA / WHITE,Pickup（SPECIAL）,柄,IROZA,イロザ"
12463,"ガチャベルト TEXTILE / WHITE,Pickup（SPECIAL）,柄,IROZA,イロザ"
12524,"Max-Weight Long Sleeve / BLACK,CAMBER,黒,IROZA,イロザ"
12526,"Max-Weight Mock Turtle / BLACK,CAMBER,黒,IROZA,イロザ"
12527,"Chill Buster Zipper Hooded / GRAY,CAMBER,グレー,IROZA,イロザ"
12529,"MUMMY BASIC LIGHT / BRIC,FESSURA,赤,IROZA,イロザ"
12899,"1321-01-015 / 39 / Orange,DICTYCE,オレンジ,IROZA,イロザ"
12900,"1411-01-004 / 01 / White,DICTYCE,白,IROZA,イロザ"
12915,"パーカー / Black,IKIJI,黒,IROZA,イロザ"
13175,"BAUMWOLLE COTTON 3B JACKET / ORANGE,Pickup（STANDARD）,オレンジ,IROZA,イロザ"
13519,"POSITIVE GRAFFITI L/S TEE / LIGHT GRAY ,OMIYAGE,グレー,IROZA,イロザ"
13546,"NIKE Raglan Sleeve Sweat / Dark Red,NIKE,赤,IROZA,イロザ"
13547,"NIKE Hood Sweat /  Russet,NIKE,紫,IROZA,イロザ"
13548,"NIKE Nylon Blouson / Black,NIKE,黒,IROZA,イロザ"
13549,"NIKE Nylon Blouson / Three Multi,NIKE,柄,IROZA,イロザ"
13552,"NIKE ATHLETICS Sweat / Red,NIKE,赤,IROZA,イロザ"
13553,"RalphLauren Zip Flannel Shirts / Red Check,RalphLauren,赤,IROZA,イロザ"
13560,"IZOD Lacoste Cardigan / Yellow,Lacoste,黄色,IROZA,イロザ"
13571,"Rib Stitch Cardigan / Green,Pickup（STANDARD）,緑,IROZA,イロザ"
13584,"IZOD Lacoste Knit Cardigan / Navy,Lacoste,紺,IROZA,イロザ"
13589,"Check Apron skirt / NavyxGreen,Pickup（STANDARD）,紺,IROZA,イロザ"
13595,"Multi Textile Knit Sweater / Multi,Pickup（STANDARD）,柄,IROZA,イロザ"
13607,"TRICKY 4/5 TEE / NATURAL / VOO-651,VOO,白,IROZA,イロザ"
13609,"D.I.Y SWEAT / OFF WHITE / VOO-654,VOO,白,IROZA,イロザ"
13612,"GBL SWEAT / BLACK / LIF-026,LIF,黒,IROZA,イロザ"
13845,"2Ver. 1/2 BORDER TEE / REDxWHITE / VOO-650L,VOO,赤,IROZA,イロザ"
13930,"V NECK HALF SLEEVE KNIT / BLACK,POURTON DE MOI,黒,IROZA,イロザ"
13940,"check PO / white / 141206,tiit,柄,IROZA,イロザ"
13948,"camel / 151405,tiit,茶色,IROZA,イロザ"
14182,"JOYRICH x Keith Haring &#039;13 Andy Mouse Hoodie / GREEN,JOYRICH,緑,IROZA,イロザ"
14185," SPALDING x Keith Haring CAGER BAG / BLACK,SPALDING,黒,IROZA,イロザ"
16651,"ANORAK WINDBREAKER / GREEN,Woolrich,緑,IROZA,イロザ"
16671,"ANGELICA MEDICAL COAT / GREEN,Pickup（STANDARD）,緑,IROZA,イロザ"
16777,"VELOUR ONE PIECE / BLACK,Pickup（STANDARD）,黒,IROZA,イロザ"
16896,"BASIC BLOUSON / GREEN,Pickup（STANDARD）,緑,IROZA,イロザ"
16905,"HIGH NECK RAGLAN SWEAT / BLACK,Pickup（STANDARD）,黒,IROZA,イロザ"
16942,"MOUNTAIN JACKET / ORANGE,Pickup（STANDARD）,オレンジ,IROZA,イロザ"
16988,"PALOMA GOWN / GREEN,Pickup（STANDARD）,緑,IROZA,イロザ"
17080," Ammonite BIG KNIT / RED,Pickup（STANDARD）,赤,IROZA,イロザ"
17095,"EMERICA SHORT SLEEVE TEE / GRAY,Pickup（STANDARD）,グレー,IROZA,イロザ"
17102,"JORDAN CARDIGAN / PURPLE,NIKE,紫,IROZA,イロザ"
18427,"NIKE SWOOSH 1POINT CREW / RED,NIKE,赤,IROZA,イロザ"
19268,"セーラーパーカー / MUSTARD / RBT16SA-20,RBT,黄色,IROZA,イロザ"
19297,"シフォンストール YURI柄DAY / ORANGE / A00314,Quantize,オレンジ,IROZA,イロザ"
19298,"シフォンストール YURI柄NIGHT / BLUE / A00314,Quantize,青,IROZA,イロザ"
19390,"VELVA SHEEN NYLON JK / RED,Pickup（STANDARD）,赤,IROZA,イロザ"
19508,"COTON MELANGE TOP / RED,Pickup（STANDARD）,赤,IROZA,イロザ"
19543,"PALOMA 寿 GOWN / GREEN,Pickup（STANDARD）,緑,IROZA,イロザ"
19591,"CHAMPION ECO AUTHENTIC SWEAT / NAVY,CHAMPION,紺,IROZA,イロザ"
19595,"CHAMPION SIMPLE SWEAT / GREEN,Pickup（STANDARD）,緑,IROZA,イロザ"
19598,"ADIDAS PARKA / PINK,adidas,ピンク,IROZA,イロザ"
19599,"ADIDAS SWEAT / RED,adidas,赤,IROZA,イロザ"
20353,"KN16 / BLUE / BS-16931,BODYSONG.,柄,IROZA,イロザ"
20355,"DHM65 / BLACK / BS-16940,BODYSONG.,黒,IROZA,イロザ"
2092,"T Shirt ORANGE854 / HOUSE OF THE VERY island&#039;s,house of the very island&#03"
22151,"ネンドロイドコート / BEIGE / 14ACA04,chloma,ベージュ,IROZA,イロザ"
22153,"ネンドロイドコート / NAVY / 14ACA04,chloma,紺,IROZA,イロザ"
22155,"ネンドロイドジャージ / BEIGE / 14ACA03,chloma,ベージュ,IROZA,イロザ"
22156,"ネンドロイドジャージ / NAVY / 14ACA03,chloma,紺,IROZA,イロザ"
22158,"コールド スリープ コート ロング / BLUE / 15ACA01,chloma,青,IROZA,イロザ"
22159,"コールド スリープ コート ショート / BLUE / 15ACA02,chloma,青,IROZA,イロザ"
248,"fb Carpenter Vest,Nasngwam,青,IROZA,イロザ"
3050,"CARDIGAN　BLUE1323,Christian Dior,青,IROZA,イロザ"
44,"DKNY Giometric JKT,Pickup（STANDARD）,柄,IROZA,イロザ"
4533,"90&rsquo;S GASHA*2 JACKET,NIKE,黒,IROZA,イロザ"
4713,"TRENCH COAT BEIGE1521,RalphLauren,ベージュ,IROZA,イロザ"
4786,"Vintage Dior / Yellow,Christian Dior,黄色,IROZA,イロザ"
487,"Silk No-Collar Shirt,Pickup（STANDARD）,カーキ,IROZA,イロザ"
5061,"DCCJP003 PINK/BLACK,Dolly &amp; Molly,黒,IROZA,イロザ"
508,"DCCJP003,Dolly &amp; Molly,柄,IROZA,イロザ"
5168,"L/S Knit Yellow1970,RalphLauren,黄色,IROZA,イロザ"
518,"PKJK-1057 COTTON BASEBALL 09 NAVY,PARKER CLOTHING,紺,IROZA,イロザ"
5222,"DDAOP003 YELLOW,Dolly &amp; Molly,黄色,IROZA,イロザ"
5477,"fb カーペンター JACKET BEIGE,Nasngwam,ベージュ,IROZA,イロザ"
5682,"LAMB LEATHER JACKET BROWN,Trovare,茶色,IROZA,イロザ"
5683,"LAMB LEATHER JACKET BLACK,Trovare,黒,IROZA,イロザ"
571,"fb Dead Dali Shirts 2(Army.Green),Nasngwam,カーキ,IROZA,イロザ"
5751,"KNIT Cardigan  BEIGE2733,RalphLauren,ベージュ,IROZA,イロザ"
5772,"V NECK KNIT RED2757,Dior,赤,IROZA,イロザ"
5775,"L/S SHIRTS BEIGE2760,Dior,ベージュ,IROZA,イロザ"
5778,"L/S SHIRTS NAVY2763,Dior,柄,IROZA,イロザ"
5790,"MIRITARY PARKA,Military,柄,IROZA,イロザ"
5800,"KNIT CARDIGAN NAVY2788,DKNY,紺,IROZA,イロザ"
5807,"KNIT CARDIGAN BEIGE2795,Pickup（STANDARD）,ベージュ,IROZA,イロザ"
5861,"L/S Knit CARDIGAN BEIGE2854,Lacoste,ベージュ,IROZA,イロザ"
5899,"イギリスDPM ゴアテックスパーカー,Military,柄,IROZA,イロザ"
6420,"チェコワークコートブラウン JC039NN,Deadstock,茶色,IROZA,イロザ"
6461,"VEST BLUE3338,Pickup（STANDARD）,柄,IROZA,イロザ"
6480,"TRENCH COAT BLUE3359,Pickup（STANDARD）,青,IROZA,イロザ"
6498,"SHAWL CARDIGAN GREEN3379,Pickup（STANDARD）,緑,IROZA,イロザ"
6506,"M65 CAMO JACKET3388,Pickup（STANDARD）,柄,IROZA,イロザ"
6520,"CARDIGAN BROWN3403,Pickup（STANDARD）,茶色,IROZA,イロザ"
6521,"M65 JACKET,Military,カーキ,IROZA,イロザ"
6627,"Zero Sweat 15-2005NVB,GIOVANNI CAMPANELLA TOKYO,黒,IROZA,イロザ"
6726,"141603 lace cardigan BLACKxWINE,tiit,黒,IROZA,イロザ"
682,"ONE POINT CARDIGAN,Christian Dior,ベージュ,IROZA,イロザ"
6920,"CRAZY COMBO TROUSER VOO-329 NAVY,VOO,柄,IROZA,イロザ"
6925,"CHANGE HEM 2WAY COAT 2(ﾅｲﾛﾝ) VOO-339 PURPLE,VOO,紫,IROZA,イロザ"
7058,"3TONE CARDIGAN VOO-335 GRAY,VOO,グレー,IROZA,イロザ"
7113,"LONG LONG V VOO-347 OLIVE,VOO,カーキ,IROZA,イロザ"
7116,"LONG LONG DENIM HOODY VOO-439 BLUE系A-上下配色,VOO,青,IROZA,イロザ"
7117,"LONG LONG DENIM HOODY VOO-439 BLUE系C-全体,VOO,青,IROZA,イロザ"
7428,"Jewels JAW150037 Sweatshirt,RUBEN GALARRETA,柄,IROZA,イロザ"
7432,"Lights on LAW150048 Sweatshirt,RUBEN GALARRETA,柄,IROZA,イロザ"
7433,"Lights on LAW150049 Bomber jacket,RUBEN GALARRETA,柄,IROZA,イロザ"
7499,"YELLOW HIGHNECK KNIT,Pickup（STANDARD）,黄色,IROZA,イロザ"
7573,"3D Knit GAGA,Pickup（STANDARD）,茶色,IROZA,イロザ"
7574,"Turtle Neck Knit,Pickup（STANDARD）,茶色,IROZA,イロザ"
766,"VERSE T,SAPPY,赤,IROZA,イロザ"
7934,"Jimmy Jumper J2 5443,Pickup（STANDARD）,柄,IROZA,イロザ"
815,"Vintage S/S Tee / Adidas,adidas,赤,IROZA,イロザ"
8382,"3D Knit black,Pickup（STANDARD）,黒,IROZA,イロザ"
8461,"PINK MONSTER SS T-Shirt / pink,the Guzzler,ピンク,IROZA,イロザ"
855,"MDJK-1333 NYLON VARSITY JA 04 RED,MACKDADDY,赤,IROZA,イロザ"
866,"MDTS-1606 TEE  LADY-2 04 RED,MACKDADDY,赤,IROZA,イロザ"
867,"MDSW-1251 PULLOVER SWEAT H 04 RED,MACKDADDY,赤,IROZA,イロザ"
868,"RED DENIM　SHIRTS,Laver Laver,赤,IROZA,イロザ"
8735,"Army Jacket Green5534,Military,カーキ,IROZA,イロザ"
8750,"SWEARTER / brown / WPL8046,Pickup（STANDARD）,茶色,IROZA,イロザ"
8751,"SWEARTER / brown / RN17730,Pickup（STANDARD）,茶色,IROZA,イロザ"
8757,"Nylon Blouson / Purple,Pickup（STANDARD）,紫,IROZA,イロザ"
9543,"TS / coat / red ,Pickup（STANDARD）,赤,IROZA,イロザ"
9589,"L/S SHIRTS REDPOCKET / GREEN TYPE,Pickup（STANDARD）,緑,IROZA,イロザ"
9609,"McNEESE STATE PARKA NAVY /  IROZA LIMITED,CHAMPION,紺,IROZA,イロザ"
9696,"COTTON KNIT RED,Pickup（STANDARD）,赤,IROZA,イロザ"
